{
  "wind_tunnel": {
    "L_char": 100.0000101,
    "diagonal": 150.0000135333344
  },
  "mesh_stats": {
    "num_nodes": 344807,
    "num_tets": 1899273,
    "num_prisms": 0
  }
}