{
  "wind_tunnel": {
    "L_char": 50.0000002,
    "diagonal": 71.41428459349012
  },
  "mesh_stats": {
    "num_nodes": 354557,
    "num_tets": 1956643,
    "num_prisms": 0
  }
}