{
  "timestamp": "20251219_154504",
  "num_files": 3,
  "results": [
    {
      "filename": "Cube.step",
      "success": false,
      "time_total": 4.4413933753967285,
      "time_geometry": 0.011376619338989258,
      "time_meshing": 4.360733270645142,
      "time_quality": 0.0043718814849853516,
      "num_surfaces": 6,
      "num_curves": 12,
      "num_volumes": 1,
      "num_elements": 729,
      "num_nodes": 6859,
      "sicn_min": 0.0,
      "sicn_avg": 0.0,
      "skew_max": 0.0,
      "skew_avg": 0.0,
      "aspect_max": 0.0,
      "aspect_avg": 0.0,
      "error_message": "'NoneType' object has no attribute 'get'"
    },
    {
      "filename": "Cylinder.step",
      "success": true,
      "time_total": 258.89634561538696,
      "time_geometry": 0.0060062408447265625,
      "time_meshing": 258.86628818511963,
      "time_quality": 0.003977060317993164,
      "num_surfaces": 4,
      "num_curves": 6,
      "num_volumes": 1,
      "num_elements": 737,
      "num_nodes": 1470,
      "sicn_min": 0.0,
      "sicn_avg": 0.0,
      "skew_max": 0.0,
      "skew_avg": 0.0,
      "aspect_max": 3.0632825238275654,
      "aspect_avg": 0.0,
      "error_message": ""
    },
    {
      "filename": "Loft.step",
      "success": true,
      "time_total": 81.42081499099731,
      "time_geometry": 0.004267692565917969,
      "time_meshing": 81.40603351593018,
      "time_quality": 0.0016701221466064453,
      "num_surfaces": 3,
      "num_curves": 3,
      "num_volumes": 1,
      "num_elements": 436,
      "num_nodes": 148,
      "sicn_min": 0.0,
      "sicn_avg": 0.0,
      "skew_max": 0.0,
      "skew_avg": 0.0,
      "aspect_max": 3.2832849929388894,
      "aspect_avg": 0.0,
      "error_message": ""
    }
  ]
}